,Open,High,Low,Close,Volume,Stock Name
2022-10-17,235.8200,238.9600,235.1350,237.5300,28142268,MSFT
2022-10-14,235.5400,237.2400,228.3400,228.5600,30198588,MSFT
2022-10-13,219.8500,236.1000,219.1300,234.2400,42551818,MSFT
2022-10-12,225.4000,227.8600,223.9600,225.7500,21903937,MSFT
2022-10-11,227.6200,229.0600,224.1100,225.4100,30473954,MSFT
2022-10-10,233.0500,234.5590,226.7300,229.2500,29743608,MSFT
2022-10-07,240.9020,241.3200,233.1700,234.2400,37769602,MSFT
2022-10-06,247.9300,250.3400,246.0800,246.7900,20239886,MSFT
2022-10-05,245.9900,250.5800,244.1000,249.2000,20347136,MSFT
2022-10-04,245.0900,250.3600,244.9750,248.8800,34888416,MSFT
2022-10-03,235.4100,241.6100,234.6600,240.7400,28880357,MSFT
2022-09-30,238.2900,240.5400,232.7300,232.9000,35694832,MSFT
2022-09-29,238.8900,239.9500,234.4100,237.5000,27484233,MSFT
2022-09-28,236.8100,242.3300,234.7300,241.0700,29029679,MSFT
2022-09-27,239.9800,241.8000,234.5000,236.4100,27018732,MSFT
2022-09-26,237.0450,241.4500,236.9000,237.4500,27694190,MSFT
2022-09-23,239.5400,241.1300,235.2000,237.9200,34176048,MSFT
2022-09-22,237.8704,243.8600,237.5700,240.9800,30927092,MSFT
2022-09-21,244.2700,247.6600,238.9000,238.9500,28625557,MSFT
2022-09-20,242.0650,243.5100,239.6400,242.4500,26660299,MSFT
2022-09-19,242.4650,245.1400,240.8500,244.5200,26826931,MSFT
2022-09-16,244.2600,245.3000,242.0627,244.7400,39791768,MSFT
2022-09-15,249.7700,251.4000,244.0200,245.3800,31530948,MSFT
2022-09-14,253.5300,254.2300,249.8600,252.2200,23912954,MSFT
2022-09-13,258.8400,260.4000,251.5900,251.9900,33353318,MSFT
2022-09-12,265.7800,267.4500,265.1600,266.6500,18747690,MSFT
2022-09-09,260.5000,265.2300,260.2900,264.4600,22093190,MSFT
2022-09-08,257.5100,260.4300,254.7900,258.5200,20319911,MSFT
2022-09-07,254.7000,258.8300,253.2200,258.0900,24126700,MSFT
2022-09-06,256.2000,257.8300,251.9400,253.2500,21283869,MSFT
2022-09-02,261.6950,264.7400,254.4700,256.0600,22855380,MSFT
2022-09-01,258.8700,260.8900,255.4100,260.4000,23263431,MSFT
2022-08-31,265.3900,267.1100,261.3300,261.4700,24791834,MSFT
2022-08-30,266.6700,267.0500,260.6600,262.9700,22767071,MSFT
2022-08-29,265.8500,267.4000,263.8500,265.2300,20121371,MSFT
2022-08-26,279.0800,280.3400,267.9800,268.0900,27549307,MSFT
2022-08-25,277.3300,279.0200,274.5200,278.8500,16583407,MSFT
2022-08-24,275.4100,277.2300,275.1100,275.7900,18137019,MSFT
2022-08-23,276.4400,278.8600,275.4000,276.4400,17527409,MSFT
2022-08-22,282.0800,282.4600,277.2200,277.7500,25061070,MSFT
2022-08-19,288.9000,289.2500,285.5600,286.1500,20570033,MSFT
2022-08-18,290.1890,291.9100,289.0800,290.1700,17186192,MSFT
2022-08-17,289.7400,293.3500,289.4700,291.3200,18253358,MSFT
2022-08-16,291.9900,294.0400,290.4200,292.7100,18102882,MSFT
2022-08-15,291.0000,294.1800,290.1100,293.4700,18085654,MSFT
2022-08-12,288.4800,291.9100,286.9400,291.9100,22619675,MSFT
2022-08-11,290.8500,291.2100,286.5100,287.0200,20065938,MSFT
2022-08-10,288.1700,289.8100,286.9400,289.1600,24687845,MSFT
2022-08-09,279.6400,283.0800,277.6100,282.3000,23405238,MSFT
2022-08-08,284.0500,285.9200,279.3200,280.3200,18757818,MSFT
2022-08-05,279.1500,283.6500,278.6800,282.9100,16774606,MSFT
2022-08-04,281.8000,283.8000,280.1677,283.6500,18098668,MSFT
2022-08-03,276.7600,283.5000,276.6100,282.4700,23518874,MSFT
2022-08-02,276.0000,277.8900,272.3800,274.8200,22754184,MSFT
2022-08-01,277.8200,281.2800,275.8400,278.0100,21539580,MSFT
2022-07-29,277.7000,282.0000,276.6300,280.7400,32152752,MSFT
2022-07-28,269.7500,277.8400,267.8700,276.4100,33459327,MSFT
2022-07-27,261.1600,270.0500,258.8500,268.7400,45994049,MSFT
2022-07-26,259.8600,259.8800,249.5700,251.9000,39347957,MSFT
2022-07-25,260.9950,261.5000,256.8100,258.8300,21055998,MSFT
2022-07-22,265.2400,265.3300,259.0700,260.3600,21881290,MSFT
2022-07-21,259.7900,264.8900,257.0300,264.8400,22404675,MSFT
2022-07-20,259.9000,264.8700,258.9100,262.2700,22788282,MSFT
2022-07-19,257.5750,259.7200,253.6800,259.5300,25012562,MSFT
2022-07-18,259.7500,260.8400,253.3000,254.2500,20975034,MSFT
2022-07-15,255.7200,260.3699,254.7727,256.7200,29774050,MSFT
2022-07-14,250.5700,255.1374,245.9400,254.0800,25102823,MSFT
2022-07-13,250.1900,253.5500,248.1100,252.7200,29497423,MSFT
2022-07-12,265.8800,265.9400,252.0400,253.6700,35868450,MSFT
2022-07-11,265.6500,266.5300,262.1800,264.5100,19519108,MSFT
2022-07-08,264.7900,268.1000,263.2850,267.6600,19658751,MSFT
2022-07-07,265.1200,269.0550,265.0200,268.4000,20859874,MSFT
2022-07-06,263.7500,267.9900,262.4000,266.2100,23824419,MSFT
2022-07-05,256.1600,262.9800,254.7400,262.8500,22971634,MSFT
2022-07-01,256.3900,259.7700,254.6100,259.5800,22837692,MSFT
2022-06-30,257.0500,259.5300,252.9000,256.8300,31730868,MSFT
2022-06-29,257.5900,261.9700,255.7600,260.2600,20069839,MSFT
2022-06-28,263.9800,266.9100,256.3200,256.4800,27380247,MSFT
2022-06-27,268.2050,268.3000,263.2800,264.8900,24615114,MSFT
2022-06-24,261.8080,267.9800,261.7200,267.7000,33923231,MSFT
2022-06-23,255.5700,259.3700,253.6300,258.8600,25861449,MSFT
2022-06-22,251.8900,257.1700,250.3700,253.1300,25961215,MSFT
2022-06-21,250.2550,254.7500,249.5100,253.7400,29928297,MSFT
2022-06-17,244.7000,250.5000,244.0300,247.6500,43084780,MSFT
2022-06-16,245.9800,247.4174,243.0200,244.9700,33169160,MSFT
2022-06-15,248.3100,255.3000,246.4200,251.7600,33111729,MSFT
2022-06-14,243.8600,245.7400,241.5100,244.4900,28651487,MSFT
2022-06-13,245.1100,249.0242,241.5300,242.2600,46135788,MSFT
2022-06-10,260.5800,260.5800,252.5300,252.9900,31445841,MSFT
2022-06-09,267.7800,272.7081,264.6300,264.7900,26439728,MSFT
2022-06-08,271.7100,273.0000,269.6100,270.4100,17372341,MSFT
2022-06-07,266.6350,273.1300,265.9400,272.5000,22860677,MSFT
2022-06-06,272.0600,274.1800,267.2200,268.7500,22400342,MSFT
2022-06-03,270.3100,273.4500,268.4100,270.0200,28058958,MSFT
2022-06-02,264.4500,274.6500,261.6000,274.5800,44008209,MSFT
2022-06-01,275.1950,277.6900,270.0400,272.4200,25292174,MSFT
2022-05-31,272.5300,274.7700,268.9300,271.8700,37827695,MSFT
2022-05-27,268.4800,273.3400,267.5600,273.2400,26910806,MSFT
2022-05-26,262.2700,267.1100,261.4294,265.9000,25002105,MSFT
2022-05-25,258.1400,264.5800,257.1250,262.5200,28547947,MSFT
2022-10-17,141.0650,142.9000,140.2700,142.4100,85250939,AAPL
2022-10-14,144.3100,144.5200,138.1900,138.3800,88597969,AAPL
2022-10-13,134.9900,143.5900,134.3700,142.9900,113223975,AAPL
2022-10-12,139.1300,140.3600,138.1600,138.3400,70433744,AAPL
2022-10-11,139.9000,141.3500,138.2200,138.9800,77033672,AAPL
2022-10-10,140.4200,141.8900,138.5729,140.4200,74899002,AAPL
2022-10-07,142.5400,143.1000,139.4450,140.0900,85925559,AAPL
2022-10-06,145.8100,147.5400,145.2200,145.4300,68402169,AAPL
2022-10-05,144.0750,147.3800,143.0100,146.4000,79470968,AAPL
2022-10-04,145.0300,146.2200,144.2600,146.1000,87830064,AAPL
2022-10-03,138.2100,143.0700,137.6850,142.4500,114311663,AAPL
2022-09-30,141.2800,143.1000,138.0000,138.2000,124925274,AAPL
2022-09-29,146.1000,146.7200,140.6800,142.4800,128138237,AAPL
2022-09-28,147.6400,150.6414,144.8400,149.8400,146691387,AAPL
2022-09-27,152.7400,154.7200,149.9450,151.7600,84442741,AAPL
2022-09-26,149.6600,153.7701,149.6400,150.7700,93339409,AAPL
2022-09-23,151.1900,151.4700,148.5600,150.4300,96029909,AAPL
2022-09-22,152.3800,154.4700,150.9100,152.7400,86264792,AAPL
2022-09-21,157.3400,158.7400,153.6000,153.7200,101696790,AAPL
2022-09-20,153.4000,158.0800,153.0800,156.9000,107689796,AAPL
2022-09-19,149.3100,154.5600,149.1000,154.4800,81474246,AAPL
2022-09-16,151.2100,151.3500,148.3700,150.7000,162278841,AAPL
2022-09-15,154.6500,155.2400,151.3800,152.3700,90481110,AAPL
2022-09-14,154.7850,157.1000,153.6106,155.3100,87965409,AAPL
2022-09-13,159.9000,160.5400,153.3700,153.8400,122656614,AAPL
2022-09-12,159.5900,164.2600,159.3000,163.4300,104955962,AAPL
2022-09-09,155.4700,157.8200,154.7500,157.3700,68081006,AAPL
2022-09-08,154.6400,156.3600,152.6800,154.4600,84923847,AAPL
2022-09-07,154.8250,156.6700,153.6100,155.9600,87449574,AAPL
2022-09-06,156.4700,157.0900,153.6900,154.5300,73295539,AAPL
2022-09-02,159.7500,160.3620,154.9650,155.8100,76957768,AAPL
2022-09-01,156.6400,158.4200,154.6700,157.9600,74229896,AAPL
2022-08-31,160.3050,160.5800,157.1400,157.2200,87991091,AAPL
2022-08-30,162.1300,162.5600,157.7200,158.9100,77906197,AAPL
2022-08-29,161.1450,162.9000,159.8200,161.3800,72724452,AAPL
2022-08-26,170.5700,171.0500,163.5600,163.6200,78960980,AAPL
2022-08-25,168.7800,170.1400,168.3500,170.0300,51218209,AAPL
2022-08-24,167.3200,168.1100,166.2450,167.5300,53841524,AAPL
2022-08-23,167.0800,168.7100,166.6500,167.2300,54147079,AAPL
2022-08-22,169.6900,169.8600,167.1350,167.5700,69026809,AAPL
2022-08-19,173.0300,173.7400,171.3101,171.5200,70346295,AAPL
2022-08-18,173.7500,174.9000,173.1200,174.1500,62290075,AAPL
2022-08-17,172.7700,176.1500,172.5700,174.5500,79542037,AAPL
2022-08-16,172.7800,173.7100,171.6618,173.0300,56377050,AAPL
2022-08-15,171.5200,173.3900,171.3450,173.1900,54091694,AAPL
2022-08-12,169.8200,172.1700,169.4000,172.1000,68039382,AAPL
2022-08-11,170.0600,170.9900,168.1900,168.4900,57149159,AAPL
2022-08-10,167.6800,169.3400,166.9000,169.2400,70170540,AAPL
2022-08-09,164.0200,165.8200,163.2500,164.9200,63135503,AAPL
2022-08-08,166.3700,167.8100,164.2000,164.8700,60362338,AAPL
2022-08-05,163.2100,165.8500,163.0000,165.3500,56696985,AAPL
2022-08-04,166.0050,167.1900,164.4300,165.8100,55474144,AAPL
2022-08-03,160.8400,166.5900,160.7500,166.1300,82507488,AAPL
2022-08-02,160.1000,162.4100,159.6300,160.0100,59907025,AAPL
2022-08-01,161.0100,163.5900,160.8900,161.5100,67829379,AAPL
2022-07-29,161.2400,163.6300,159.5000,162.5100,101786860,AAPL
2022-07-28,156.9800,157.6400,154.4100,157.3500,81378731,AAPL
2022-07-27,152.5800,157.3300,152.1600,156.7900,78620688,AAPL
2022-07-26,152.2650,153.0850,150.8000,151.6000,55138691,AAPL
2022-07-25,154.0100,155.0400,152.2800,152.9500,53623945,AAPL
2022-07-22,155.3900,156.2800,153.4100,154.0900,66675408,AAPL
2022-07-21,154.5000,155.5700,151.9400,155.3500,65086636,AAPL
2022-07-20,151.1200,153.7200,150.3700,153.0400,64823413,AAPL
2022-07-19,147.9200,151.2300,146.9100,151.0000,82982367,AAPL
2022-07-18,150.7400,151.5700,146.7000,147.0700,81420868,AAPL
2022-07-15,149.7800,150.8600,148.2000,150.1700,76259931,AAPL
2022-07-14,144.0800,148.9500,143.2500,148.4700,78140744,AAPL
2022-07-13,142.9900,146.4500,142.1201,145.4900,71185560,AAPL
2022-07-12,145.7600,148.4500,145.0500,145.8600,77588759,AAPL
2022-07-11,145.6700,146.6400,143.7800,144.8700,63305113,AAPL
2022-07-08,145.2650,147.5500,145.0000,147.0400,64547798,AAPL
2022-07-07,143.2900,146.5500,143.2800,146.3500,66253709,AAPL
2022-07-06,141.3550,144.1200,141.0800,142.9200,74064254,AAPL
2022-07-05,137.7700,141.6100,136.9300,141.5600,73429641,AAPL
2022-07-01,136.0400,139.0400,135.6600,138.9300,71051552,AAPL
2022-06-30,137.2500,138.3700,133.7737,136.7200,98964467,AAPL
2022-06-29,137.4600,140.6700,136.6700,139.2300,66242411,AAPL
2022-06-28,142.1300,143.4220,137.3250,137.4400,67315328,AAPL
2022-06-27,142.6950,143.4900,140.9650,141.6600,70207908,AAPL
2022-06-24,139.9000,141.9100,139.7700,141.6600,89116837,AAPL
2022-06-23,136.8200,138.5900,135.6300,138.2700,72433768,AAPL
2022-06-22,134.7900,137.7600,133.9100,135.3500,73409234,AAPL
2022-06-21,133.4200,137.0600,133.3200,135.8700,81000488,AAPL
2022-06-17,130.0650,133.0790,129.8100,131.5600,134520290,AAPL
2022-06-16,132.0800,132.3900,129.0400,130.0600,107961508,AAPL
2022-06-15,134.2900,137.3400,132.1600,135.4300,91532972,AAPL
2022-06-14,133.1300,133.8900,131.4800,132.7600,84784326,AAPL
2022-06-13,132.8700,135.2000,131.4400,131.8800,122207099,AAPL
2022-06-10,140.2800,140.7600,137.0600,137.1300,91566637,AAPL
2022-06-09,147.0800,147.9500,142.5300,142.6400,69472976,AAPL
2022-06-08,148.5800,149.8697,147.4600,147.9600,53950201,AAPL
2022-06-07,144.3450,149.0000,144.1000,148.7100,67808150,AAPL
2022-06-06,147.0300,148.5689,144.9000,146.1400,71598380,AAPL
2022-06-03,146.9000,147.9700,144.4600,145.3800,88570289,AAPL
2022-06-02,147.8300,151.2700,146.8600,151.2100,72348055,AAPL
2022-06-01,149.9000,151.7400,147.6800,148.7100,74286635,AAPL
2022-05-31,149.0700,150.6600,146.8400,148.8400,103718416,AAPL
2022-05-27,145.3900,149.6800,145.2600,149.6400,90978503,AAPL
2022-05-26,137.3900,144.3400,137.1400,143.7800,90601548,AAPL
2022-05-25,138.4300,141.7850,138.3400,140.5200,92482696,AAPL
2022-10-17,130.3000,134.7900,130.1800,134.0400,29612245,META
2022-10-14,131.0000,131.7900,126.5200,126.7600,23559407,META
2022-10-13,123.5300,131.1400,122.5301,130.2900,34325715,META
2022-10-12,128.3200,129.6700,126.2500,127.5000,34605245,META
2022-10-11,131.6200,132.6600,126.9900,128.5400,38481403,META
2022-10-10,133.5500,136.1100,131.8700,133.7900,24023982,META
2022-10-07,136.7600,138.2900,132.4400,133.4500,33214773,META
2022-10-06,137.7150,141.4500,136.6000,139.0700,36231056,META
2022-10-05,138.2400,140.2100,134.7800,138.9800,27979348,META
2022-10-04,140.4900,142.3901,139.3400,140.2800,34670729,META
2022-10-03,137.1400,139.6200,136.1000,138.6100,27723063,META
2022-09-30,136.0500,140.9900,135.5000,135.6800,33166393,META
2022-09-29,139.3600,139.8400,135.2000,136.4100,38985414,META
2022-09-28,134.6200,142.0300,134.2700,141.6100,32658478,META
2022-09-27,137.9200,139.4200,134.1201,134.4000,30826471,META
2022-09-26,140.1200,142.2400,136.1900,136.3700,30497021,META
2022-09-23,141.4200,142.6200,138.8900,140.4100,31710685,META
2022-09-22,141.5500,144.5800,140.8700,142.8200,34162531,META
2022-09-21,146.3900,149.6000,142.0000,142.1200,38338614,META
2022-09-20,145.7750,148.8400,145.2200,146.0900,23217350,META
2022-09-19,145.2350,148.5800,145.1000,148.0200,22169477,META
2022-09-16,148.0500,148.5800,144.2935,146.2900,40122824,META
2022-09-15,149.8000,154.1984,148.7000,149.5500,34606348,META
2022-09-14,153.3300,153.5400,149.0500,151.4700,43064195,META
2022-09-13,161.5400,161.6300,152.6700,153.1300,44444061,META
2022-09-12,167.3900,171.3900,167.2800,168.9600,23220405,META
2022-09-09,163.2480,169.5400,163.0200,169.1500,22129802,META
2022-09-08,158.7100,162.2300,157.7400,162.0600,22530785,META
2022-09-07,157.7600,160.9550,156.8100,160.3900,16831182,META
2022-09-06,160.1000,161.6900,157.6900,158.5400,19282598,META
2022-09-02,167.4500,167.9300,159.2200,160.3200,22634191,META
2022-09-01,163.5800,167.3599,160.3450,165.3600,30145683,META
2022-08-31,167.0700,167.8400,162.1400,162.9300,40952975,META
2022-08-30,160.3550,161.6600,155.9100,157.1600,19567948,META
2022-08-29,160.6550,163.0500,159.0100,159.1700,19771863,META
2022-08-26,168.4800,170.9200,161.6726,161.7800,24023633,META
2022-08-25,165.1800,168.8800,164.0200,168.7800,15550514,META
2022-08-24,160.6000,165.4600,159.7700,163.2600,20891481,META
2022-08-23,162.4800,165.0500,160.7000,161.1100,18111777,META
2022-08-22,165.4900,165.4900,162.2600,163.0500,19499711,META
2022-08-19,170.2000,172.3200,167.0500,167.9600,26240799,META
2022-08-18,174.3400,175.7600,171.8600,174.6600,18844451,META
2022-08-17,176.7600,178.1400,174.1700,174.8500,20118133,META
2022-08-16,179.4400,180.9900,177.0350,179.4700,21156710,META
2022-08-15,178.9600,181.4400,178.2000,180.8900,15878671,META
2022-08-12,180.8100,181.4572,178.9110,180.5000,21274046,META
2022-08-11,179.7100,183.1000,176.3700,177.4900,24079062,META
2022-08-10,175.9900,180.4800,173.9500,178.3400,30262132,META
2022-08-09,168.9500,169.5300,166.6000,168.5300,18655056,META
2022-08-08,168.0000,177.5100,167.1300,170.2500,27299113,META
2022-08-05,166.9900,171.6120,165.8000,167.1100,25832701,META
2022-08-04,168.2950,172.1500,166.8000,170.5700,23938212,META
2022-08-03,162.6900,169.5400,161.5700,168.8000,31717527,META
2022-08-02,158.3100,162.2400,158.0100,160.1900,27374516,META
2022-08-01,157.2500,165.1900,155.2301,159.9300,40596702,META
2022-07-29,157.6900,160.1400,155.1700,159.1000,42065395,META
2022-07-28,161.0600,161.5100,154.8500,160.7200,73214326,META
2022-07-27,162.5900,170.8700,162.0200,169.5800,43846557,META
2022-07-26,165.9400,166.0000,157.9500,159.1500,28468424,META
2022-07-25,169.0000,170.5700,164.8050,166.6500,26166326,META
2022-07-22,173.0700,175.5995,168.4100,169.2700,42583916,META
2022-07-21,180.6300,183.8500,178.8700,183.1700,27195815,META
2022-07-20,177.4850,183.6000,176.7000,183.0900,24784274,META
2022-07-19,170.3700,176.4900,169.5100,175.7800,25933679,META
2022-07-18,166.7500,171.6850,165.6400,167.2300,23574337,META
2022-07-15,160.5400,164.9800,159.8200,164.7000,23342807,META
2022-07-14,161.2200,162.5900,157.2801,158.0500,23765168,META
2022-07-13,160.1600,164.9800,159.6127,163.4900,16555138,META
2022-07-12,164.8000,165.9107,162.1000,163.2700,16639659,META
2022-07-11,167.0650,167.4900,161.9100,162.8800,21905133,META
2022-07-08,169.9800,172.4000,168.1501,170.8800,19249243,META
2022-07-07,169.4500,172.7200,167.7800,172.1900,24083368,META
2022-07-06,168.2000,171.5900,165.4600,169.7700,23085921,META
2022-07-05,158.1400,168.2500,157.0200,168.1900,28664799,META
2022-07-01,160.3100,160.6200,155.0000,160.0300,31423933,META
2022-06-30,162.1500,165.2300,158.4900,161.2500,35250605,META
2022-06-29,163.5700,166.3300,160.3200,163.9400,28595236,META
2022-06-28,169.9000,171.3000,160.6100,160.6800,27788725,META
2022-06-27,171.3200,171.7500,168.0100,169.4900,29174559,META
2022-06-24,161.7250,170.2500,161.3000,170.1600,68736009,META
2022-06-23,156.2700,159.7500,154.2500,158.7500,40499198,META
2022-06-22,158.3800,160.7900,155.4400,155.8500,47596820,META
2022-06-21,165.9300,167.7600,155.9700,157.0500,50724899,META
2022-06-17,161.6800,165.9000,159.9000,163.7400,31374215,META
2022-06-16,163.7200,165.0800,159.6100,160.8700,26944143,META
2022-06-15,167.2000,172.1600,163.9750,169.3500,30008251,META
2022-06-14,166.0300,166.7500,161.3601,163.7300,27244274,META
2022-06-13,170.5900,172.5750,164.0300,164.2600,31749304,META
2022-06-10,183.0400,183.1000,175.0200,175.5700,27478354,META
2022-06-09,194.2800,199.4500,183.6800,184.0000,23501579,META
2022-06-08,194.6700,202.0300,194.4100,196.6400,22267154,META
2022-06-07,191.9300,196.5300,191.4900,195.6500,18828687,META
2022-06-06,193.9900,196.9200,188.4000,194.2500,30574242,META
2022-06-03,195.9800,196.6100,189.7800,190.7800,19464993,META
2022-06-02,188.4500,200.9350,187.7300,198.8600,31951582,META
2022-06-01,196.5100,199.5300,185.0000,188.6400,36623495,META
2022-05-31,194.8850,197.6000,192.0100,193.6400,26131103,META
2022-05-27,191.3600,195.3329,189.8000,195.1300,22562727,META
2022-05-26,182.8780,192.8301,182.2600,191.6300,23056455,META
2022-05-25,180.4000,185.4500,179.3200,183.8300,28030194,META
2022-10-17,234.4100,249.9221,234.4000,245.1000,21057824,NFLX
2022-10-14,237.8000,238.8000,229.5100,230.0000,15293400,NFLX
2022-10-13,212.6900,234.4700,211.7300,232.5100,17505012,NFLX
2022-10-12,214.3000,223.6700,212.6400,220.8700,12952643,NFLX
2022-10-11,226.0500,230.4400,213.7000,214.2900,15282411,NFLX
2022-10-10,225.6400,233.8300,224.2300,229.9800,9991145,NFLX
2022-10-07,235.7700,237.3300,224.2800,224.7500,9806128,NFLX
2022-10-06,236.6800,244.2800,233.9101,240.0200,9188940,NFLX
2022-10-05,238.7600,241.5900,227.3800,236.7300,10825633,NFLX
2022-10-04,244.8400,245.7999,233.2500,240.7400,13925854,NFLX
2022-10-03,237.8500,241.5400,232.8500,239.0400,8657443,NFLX
2022-09-30,237.0000,242.4400,233.2600,235.4400,11848607,NFLX
2022-09-29,241.6100,246.9800,235.6800,239.7100,18994943,NFLX
2022-09-28,229.6900,246.6500,227.3800,245.2000,17579670,NFLX
2022-09-27,228.6300,230.6400,220.7200,224.3600,7762223,NFLX
2022-09-26,225.6000,232.7000,223.0100,224.0700,8234285,NFLX
2022-09-23,235.1400,236.4499,221.4300,226.4100,11207228,NFLX
2022-09-22,235.3500,240.5000,231.6600,237.0500,9991482,NFLX
2022-09-21,242.6700,248.2999,236.6800,236.8700,9166772,NFLX
2022-09-20,240.3700,250.4900,239.6600,242.8500,16037431,NFLX
2022-09-19,245.0500,245.2500,235.7500,243.6300,17912370,NFLX
2022-09-16,231.2200,241.3550,227.8300,240.1300,18914177,NFLX
2022-09-15,230.4700,242.2871,229.1000,235.3800,19454122,NFLX
2022-09-14,219.8200,228.0000,215.8000,224.1200,8230340,NFLX
2022-09-13,226.5000,227.6900,217.7200,218.1300,8000128,NFLX
2022-09-12,233.6100,239.4900,233.3700,236.5300,6047425,NFLX
2022-09-09,229.6200,234.7799,229.6200,233.5700,6702060,NFLX
2022-09-08,224.1600,228.7350,221.3000,227.4400,6737436,NFLX
2022-09-07,220.2100,229.3300,218.2681,228.9600,8149329,NFLX
2022-09-06,225.5900,226.8500,214.6900,218.3900,7447153,NFLX
2022-09-02,231.0300,233.8814,225.0400,226.1100,8164883,NFLX
2022-09-01,220.7200,230.3700,219.4700,230.0400,7292917,NFLX
2022-08-31,227.0000,233.8787,223.4300,223.5600,8615906,NFLX
2022-08-30,226.6600,229.7900,218.7400,220.6500,5740434,NFLX
2022-08-29,221.9300,229.8700,221.5200,224.5700,7096010,NFLX
2022-08-26,233.6250,236.9500,223.1500,223.2800,5349848,NFLX
2022-08-25,230.2400,234.1600,229.0000,233.9800,3766867,NFLX
2022-08-24,225.6600,234.1000,223.9400,229.6100,5426316,NFLX
2022-08-23,226.4600,229.9000,224.3000,224.5500,5276945,NFLX
2022-08-22,232.5500,233.4750,224.5900,226.5400,8630094,NFLX
2022-08-19,240.9500,243.2900,235.6800,241.1600,7504707,NFLX
2022-08-18,241.9600,246.4794,239.2801,245.1700,5280387,NFLX
2022-08-17,241.1800,244.2400,237.5600,241.1500,5627224,NFLX
2022-08-16,247.1600,249.2900,244.0300,245.6900,5136806,NFLX
2022-08-15,248.1100,251.9900,247.5100,249.1100,6527391,NFLX
2022-08-12,244.8100,249.4100,243.7600,249.3000,6098531,NFLX
2022-08-11,244.6800,251.6200,241.5100,242.7000,8780062,NFLX
2022-08-10,236.9900,244.5400,236.5958,244.1100,9254760,NFLX
2022-08-09,231.6200,232.1999,224.6500,229.9400,6181194,NFLX
2022-08-08,227.4900,241.9599,226.4100,233.4900,10997409,NFLX
2022-08-05,225.3000,228.6200,222.8700,226.7800,5539733,NFLX
2022-08-04,227.6800,232.0700,225.0500,229.9100,7142741,NFLX
2022-08-03,224.7900,228.1000,222.4200,226.7300,6400701,NFLX
2022-08-02,222.7600,228.2000,220.8800,221.4200,6361327,NFLX
2022-08-01,223.0950,228.3900,221.0000,226.2100,5525044,NFLX
2022-07-29,223.2900,230.7500,222.4000,224.9000,9064937,NFLX
2022-07-28,224.6000,228.1000,219.6700,226.0200,8972738,NFLX
2022-07-27,216.4800,227.7800,214.5800,226.7500,10508385,NFLX
2022-07-26,216.6600,219.3900,211.6400,213.9100,9508532,NFLX
2022-07-25,221.3100,225.2300,216.3500,218.5100,10935247,NFLX
2022-07-22,222.3800,229.3500,218.4400,220.4400,17805452,NFLX
2022-07-21,214.3000,224.3200,211.5000,223.8800,23430117,NFLX
2022-07-20,208.1700,216.9699,200.1000,216.4400,53920266,NFLX
2022-07-19,193.0200,201.9700,188.4000,201.6300,28178716,NFLX
2022-07-18,192.5000,199.6700,189.8000,190.9200,16322845,NFLX
2022-07-15,175.5800,189.2200,174.5600,189.1100,16319116,NFLX
2022-07-14,175.5600,177.5200,171.8200,174.7800,9039457,NFLX
2022-07-13,170.5000,179.1800,169.7020,176.5600,12734421,NFLX
2022-07-12,177.3300,179.7839,173.4200,174.4500,6845264,NFLX
2022-07-11,184.7300,184.9900,176.8900,177.3400,6048447,NFLX
2022-07-08,186.0200,189.9100,182.7500,186.9750,5835680,NFLX
2022-07-07,184.2700,190.2100,183.5000,189.2700,6334545,NFLX
2022-07-06,185.2000,186.2200,180.8200,184.0600,5753385,NFLX
2022-07-05,176.2800,185.9200,172.6801,185.8800,7339023,NFLX
2022-07-01,176.4900,180.1000,174.2700,179.9500,5201583,NFLX
2022-06-30,177.0700,179.4500,170.3000,174.8700,7894710,NFLX
2022-06-29,179.5500,180.6650,175.1000,178.3600,5766847,NFLX
2022-06-28,189.2000,192.2000,179.3700,179.6000,7201897,NFLX
2022-06-27,191.7700,191.7800,182.3900,189.1400,8363879,NFLX
2022-06-24,183.5000,191.1900,181.8400,190.8500,12423974,NFLX
2022-06-23,180.5000,182.7600,175.8700,181.7100,9538226,NFLX
2022-06-22,170.7500,182.8200,170.2000,178.8900,12010615,NFLX
2022-06-21,177.6000,178.6189,169.8000,170.9100,12177592,NFLX
2022-06-17,173.6300,179.6500,173.3400,175.5100,12133372,NFLX
2022-06-16,174.0000,176.2700,171.5600,173.3500,8201306,NFLX
2022-06-15,169.2580,183.8450,168.5300,180.1100,12396041,NFLX
2022-06-14,169.7500,172.0622,164.2800,167.5400,11555323,NFLX
2022-06-13,177.0700,179.0900,168.9571,169.6900,10222407,NFLX
2022-06-10,182.6400,185.8600,180.8500,182.9400,13074280,NFLX
2022-06-09,200.6500,201.6900,192.5400,192.7700,6948967,NFLX
2022-06-08,197.9500,207.3800,197.6400,202.8300,7244121,NFLX
2022-06-07,194.8700,199.6000,193.0000,198.6100,4839491,NFLX
2022-06-06,202.0900,203.8700,195.3800,197.1400,5372043,NFLX
2022-06-03,200.1400,202.9500,198.0500,198.9800,7191775,NFLX
2022-06-02,192.0200,205.4700,191.7200,205.0900,9623121,NFLX
2022-06-01,198.7000,202.7400,191.6606,192.9100,8416151,NFLX
2022-05-31,196.1800,199.9500,190.8000,197.4400,11398460,NFLX
2022-05-27,193.1900,195.2500,190.3722,195.1900,8585987,NFLX
2022-05-26,186.4900,192.3402,183.0916,191.4000,8049933,NFLX
2022-05-25,180.2800,188.8700,180.1700,187.8300,8522092,NFLX
